{
  "trees": {
    "0": {"tree_pos": [0.02866326194820879, -0.1379586830870312]},
    "1": {"tree_pos": [3.0173190369183684, -0.11726712184892284]},
    "2": {"tree_pos": [5.51602119108756, -0.2493150054684889]},
    "3": {"tree_pos": [8.564170616761176, -0.16120519181957144]},
    "4": {"tree_pos": [12.08700369583362, -0.09382414094626514]},
    "5": {"tree_pos": [15.21961002475214, -0.18304970121674505]},
    "6": {"tree_pos": [17.72051615842669, 0.28929621055711974]},
    "7": {"tree_pos": [21.090368340554086, 0.055235978633805805]},
    "8": {"tree_pos": [23.91782645655055, 0.010462571409091279]},
    "9": {"tree_pos": [26.773884637406518, 0.09861227203047723]},
    "10": {"tree_pos": [27.035291878748083, 7.957061728977315]},
    "11": {"tree_pos": [23.749409170630912, 7.71550203912342]},
    "12": {"tree_pos": [20.91460113449712, 7.681789983422541]},
    "13": {"tree_pos": [17.935238745261536, 7.567845499712341]},
    "14": {"tree_pos": [14.742186491279817, 7.869510327452691]},
    "15": {"tree_pos": [11.7225251937665, 7.512798540311385]},
    "16": {"tree_pos": [11.74930230872079, 7.6074592563089976]},
    "17": {"tree_pos": [9.004525197574662, 8.019802830991534]},
    "18": {"tree_pos": [5.67484956422653, 7.623664478868315]},
    "19": {"tree_pos": [3.0640622339259638, 7.6662469685808015]},
    "20": {"tree_pos": [0.11921509596123187, 8.04682112176042]},
    "21": {"tree_pos": [27.236647342422813, 15.914519754105724]},
    "22": {"tree_pos": [27.933475508710902, 16.60622240012403]},
    "23": {"tree_pos": [24.09817664677129, 15.684625885287431]},
    "24": {"tree_pos": [20.65581362735904, 16.114917399964085]},
    "25": {"tree_pos": [17.58265196226518, 15.831539828461361]},
    "26": {"tree_pos": [15.18887592747623, 15.863097386096722]},
    "27": {"tree_pos": [11.584219320503912, 15.859189638106134]},
    "28": {"tree_pos": [8.771876887518417, 16.18859948339957]},
    "29": {"tree_pos": [5.651563571683201, 15.919999785102386]},
    "30": {"tree_pos": [2.609232707914501, 15.250461344159191]},
    "31": {"tree_pos": [-0.5377690297994435, 15.457360707609656]},
    "32": {"tree_pos": [2.71610037111111, 24.084881681664022]},
    "33": {"tree_pos": [-0.03302885773842488, 23.799630727286775]},
    "34": {"tree_pos": [0.23925696795220885, 15.56089122958642]},
    "35": {"tree_pos": [3.4437767114341153, 15.869832484107082]},
    "36": {"tree_pos": [26.682614162403667, 24.198832796978238]},
    "37": {"tree_pos": [23.98695409299046, 23.99087238124995]},
    "38": {"tree_pos": [20.916424275619256, 23.842155898226174]},
    "39": {"tree_pos": [17.78021138195569, 23.76146707083592]},
    "40": {"tree_pos": [15.035735715958666, 23.74806571947302]},
    "41": {"tree_pos": [11.64368486039885, 23.714669097827183]},
    "42": {"tree_pos": [8.695656525732915, 23.833056576242058]},
    "43": {"tree_pos": [5.773050131619275, 23.8622327779456]},
    "44": {"tree_pos": [17.216661997204277, 23.910744898425627]},
    "45": {"tree_pos": [14.451807661484382, 23.824515227320184]},
    "46": {"tree_pos": [26.382092507852796, 23.92099008816063]},
    "47": {"tree_pos": [26.957162277799657, 31.92456815169559]},
    "48": {"tree_pos": [24.113504142705857, 31.81224073543768]},
    "49": {"tree_pos": [20.616661525925686, 31.555213811902895]},
    "50": {"tree_pos": [17.9138534029199, 32.25466721644167]},
    "51": {"tree_pos": [15.161576520430929, 31.98828956962327]},
    "52": {"tree_pos": [11.921148779425668, 31.66931853360795]},
    "53": {"tree_pos": [8.87771636187557, 31.90672478675438]},
    "54": {"tree_pos": [6.016494214583194, 32.263748158980846]},
    "55": {"tree_pos": [2.797297599654133, 31.994467436007163]},
    "56": {"tree_pos": [-0.23398991466438374, 31.733105303100373]},
    "57": {"tree_pos": [0.16987012239360727, 32.586339140942215]},
    "58": {"tree_pos": [0.27957602629946704, 33.08514679259925]},
    "59": {"tree_pos": [26.687499156829936, 39.83342329525921]},
    "60": {"tree_pos": [23.73794236535074, 39.479951829504145]},
    "61": {"tree_pos": [21.12694354916125, 39.34885507178676]},
    "62": {"tree_pos": [17.548984382410055, 39.620884825943634]},
    "63": {"tree_pos": [14.846077211813153, 39.72618121116623]},
    "64": {"tree_pos": [11.776435218368109, 39.93430498695284]},
    "65": {"tree_pos": [9.002783918013508, 40.01806931373419]},
    "66": {"tree_pos": [5.879342891132278, 39.787628702575425]},
    "67": {"tree_pos": [2.60972397615189, 40.05306084648625]},
    "68": {"tree_pos": [-0.4072762000518444, 39.518526816342096]},
    "69": {"tree_pos": [-0.12867810574500926, 40.08043334422828]},
    "70": {"tree_pos": [26.99025536996597, 47.9844957221131]},
    "71": {"tree_pos": [23.755962184168173, 48.02750714193276]},
    "72": {"tree_pos": [21.124083172448387, 47.81467403863232]},
    "73": {"tree_pos": [18.036243749838366, 47.87186033022879]},
    "74": {"tree_pos": [15.285794704522749, 47.79766284299775]},
    "75": {"tree_pos": [12.154501755748212, 47.73470652953169]},
    "76": {"tree_pos": [8.924807676207394, 48.001784852036295]},
    "77": {"tree_pos": [6.205017198737634, 48.01041993178934]},
    "78": {"tree_pos": [3.0377544348662875, 47.87897422909168]},
    "79": {"tree_pos": [0.08352415109177591, 47.71888480658759]},
    "80": {"tree_pos": [2.52257967510085, 47.348444275163075]},
    "81": {"tree_pos": [26.896413534522523, 55.7119449376364]},
    "82": {"tree_pos": [23.742305016563833, 55.88089793006587]},
    "83": {"tree_pos": [21.168251506330193, 55.84385243442492]},
    "84": {"tree_pos": [21.626432964542442, 56.35623131612154]},
    "85": {"tree_pos": [18.01197629806675, 55.71902363078662]},
    "86": {"tree_pos": [14.929299115534512, 55.900169905094515]},
    "87": {"tree_pos": [12.333634114735759, 55.90312613185132]},
    "88": {"tree_pos": [8.957999536418704, 55.94958434258562]},
    "89": {"tree_pos": [5.874184023098075, 55.75296518185101]},
    "90": {"tree_pos": [2.9970675220415504, 56.08484405332724]},
    "91": {"tree_pos": [0.22708508127056065, 55.68351161802367]},
    "92": {"tree_pos": [0.5406326743632143, 56.55237451618393]},
    "93": {"tree_pos": [27.132004898633078, 63.74503946859943]},
    "94": {"tree_pos": [23.93316228498903, 63.783965399226446]},
    "95": {"tree_pos": [24.01977459909895, 63.980329683161045]},
    "96": {"tree_pos": [21.257677464031456, 63.70771493658528]},
    "97": {"tree_pos": [17.98886873655288, 63.78142168087036]},
    "98": {"tree_pos": [15.000312299810009, 63.46353342802043]},
    "99": {"tree_pos": [12.124930607821081, 63.6370927417854]},
    "100": {"tree_pos": [8.733862915268581, 63.61435854310031]},
    "101": {"tree_pos": [5.567588458538337, 63.53910714256861]},
    "102": {"tree_pos": [2.5733427283714887, 63.715758917381585]},
    "103": {"tree_pos": [-0.05663132848575768, 63.92157547388729]},
    "104": {"tree_pos": [2.94506719562628, 64.19511638188597]},
    "105": {"tree_pos": [27.162694362818918, 71.5631395473361]},
    "106": {"tree_pos": [24.347265127069996, 71.76263625828307]},
    "107": {"tree_pos": [20.76187642870243, 71.97630626547485]},
    "108": {"tree_pos": [24.34877351120904, 71.69967408847245]},
    "109": {"tree_pos": [17.938557247908733, 72.29115607964289]}
  }
}

