{
  "trees": {
    "0": {
      "tree_pos": [
        0.026366502418198934,
        -0.13219606176374074
      ]
    },
    "1": {
      "tree_pos": [
        2.9390355312610965,
        -0.11986447534930383
      ]
    },
    "2": {
      "tree_pos": [
        5.48843982322507,
        -0.21539877706578647
      ]
    },
    "3": {
      "tree_pos": [
        8.550963668445977,
        -0.12828068332275616
      ]
    },
    "4": {
      "tree_pos": [
        11.97009065262285,
        -0.12333875199291087
      ]
    },
    "5": {
      "tree_pos": [
        15.153551864643841,
        -0.2081780665390123
      ]
    },
    "6": {
      "tree_pos": [
        17.600633294420703,
        0.2729296515026143
      ]
    },
    "7": {
      "tree_pos": [
        21.16057574105875,
        0.0673094984942927
      ]
    },
    "8": {
      "tree_pos": [
        23.90656924954198,
        0.01722576314372136
      ]
    },
    "9": {
      "tree_pos": [
        26.758107293035373,
        0.10577430531396802
      ]
    },
    "10": {
      "tree_pos": [
        26.981192209961126,
        8.125914322454976
      ]
    },
    "11": {
      "tree_pos": [
        23.76878795857687,
        7.994151446678796
      ]
    },
    "12": {
      "tree_pos": [
        20.79191693059684,
        7.6117036110273375
      ]
    },
    "13": {
      "tree_pos": [
        17.813367132813518,
        7.4749698648693945
      ]
    },
    "14": {
      "tree_pos": [
        14.758801315488665,
        7.889683240313222
      ]
    },
    "15": {
      "tree_pos": [
        11.773964610290143,
        7.695311105610257
      ]
    },
    "16": {
      "tree_pos": [
        8.968909147433934,
        8.153165117954856
      ]
    },
    "17": {
      "tree_pos": [
        5.624524076449697,
        7.478637462226936
      ]
    },
    "18": {
      "tree_pos": [
        2.9422986838120275,
        7.485051199939836
      ]
    },
    "19": {
      "tree_pos": [
        0.008100345006088274,
        8.030658366851508
      ]
    },
    "20": {
      "tree_pos": [
        0.7044321097717183,
        0.4803605992682649
      ]
    },
    "21": {
      "tree_pos": [
        -1.0013774888973748,
        8.778257683097426
      ]
    },
    "22": {
      "tree_pos": [
        0.051342964223813604,
        15.520549418637858
      ]
    }
  }
}