{"0": [-0.06894459039215818, -0.10082712207738956], "1": [3.0173190369183684, -0.11726712184892284], "2": [5.51602119108756, -0.2493150054684889], "3": [8.564170616761176, -0.16120519181957144], "4": [12.08700369583362, -0.09382414094626514], "5": [15.198382203607911, -0.18279579402624685], "6": [17.714122755061993, 0.29292402449548605], "7": [21.19427638640207, 0.01839566632911576], "8": [23.90709285853424, -0.05421327799665938], "9": [26.57358477339712, 0.10791186386904883]}