{
  "trees": {
    "0": {"tree_pos": [0.02866326194820879, -0.1379586830870312]},
    "1": {"tree_pos": [3.0173190369183684, -0.11726712184892284]},
    "2": {"tree_pos": [5.51602119108756, -0.2493150054684889]},
    "3": {"tree_pos": [8.564170616761176, -0.16120519181957144]},
    "4": {"tree_pos": [12.08700369583362, -0.09382414094626514]},
    "5": {"tree_pos": [15.21961002475214, -0.18304970121674505]},
    "6": {"tree_pos": [17.72051615842669, 0.28929621055711974]},
    "7": {"tree_pos": [21.090368340554086, 0.055235978633805805]},
    "8": {"tree_pos": [23.91782645655055, 0.010462571409091279]},
    "9": {"tree_pos": [26.773884637406518, 0.09861227203047723]}
    }
    }
