{"0": [-0.06894459039215818, -0.10082712207738956], "1": [3.0173190369183684, -0.11726712184892284], "2": [5.51602119108756, -0.2493150054684889], "3": [8.564170616761176, -0.16120519181957144], "4": [12.08700369583362, -0.09382414094626514], "5": [15.21961002475214, -0.18304970121674505], "6": [17.72051615842669, 0.28929621055711974], "7": [21.090368340554086, 0.055235978633805805], "8": [23.91782645655055, 0.010462571409091279], "9": [26.773884637406518, 0.09861227203047723], "10": [27.121293143782346, 8.12400160795291], "11": [23.798146408055384, 7.998523928578875], "12": [20.8142596591384, 7.604990289942167], "13": [17.83469147291526, 7.483824340521291], "14": [14.703947133433317, 7.869406813124115], "15": [11.939143363091947, 7.6993829240689875], "16": [11.74930230872079, 7.6074592563089976], "17": [9.002772369260654, 8.179925847746567], "18": [5.621677144738602, 7.710732442537041], "19": [3.054843017052118, 7.701191897179349]}