{"0": [0.02866326194820879, -0.1379586830870312], "1": [3.0173190369183684, -0.11726712184892284], "2": [5.51602119108756, -0.2493150054684889], "3": [8.564170616761176, -0.16120519181957144], "4": [12.08700369583362, -0.09382414094626514], "5": [15.21961002475214, -0.18304970121674505], "6": [17.72051615842669, 0.28929621055711974], "7": [21.090368340554086, 0.055235978633805805], "8": [23.91782645655055, 0.010462571409091279], "9": [26.773884637406518, 0.09861227203047723], "10": [27.035291878748083, 7.957061728977315], "11": [23.749409170630912, 7.71550203912342], "12": [20.91460113449712, 7.681789983422541], "13": [17.935238745261536, 7.567845499712341], "14": [14.742186491279817, 7.869510327452691], "15": [11.7225251937665, 7.512798540311385], "16": [11.74930230872079, 7.6074592563089976], "17": [9.004525197574662, 8.019802830991534], "18": [5.67484956422653, 7.623664478868315], "19": [3.0640622339259638, 7.6662469685808015], "20": [0.1251301610158556, 8.140977011052726], "21": [27.140664578189465, 15.834242055697953], "22": [27.933475508710902, 16.60622240012403], "23": [23.958644563072554, 15.746147172028659], "24": [20.53700580440139, 16.055340634547704], "25": [17.593896877964845, 15.984316318692326], "26": [15.187135212393745, 15.97608229851729], "27": [11.566338644032673, 15.883286925452385], "28": [8.758136381589152, 16.20347673095163], "29": [5.763686801182447, 15.887009300803786]}