{"0": [0.02866326194820879, -0.1379586830870312], "1": [3.0173190369183684, -0.11726712184892284], "2": [5.51602119108756, -0.2493150054684889], "3": [8.564170616761176, -0.16120519181957144], "4": [12.08700369583362, -0.09382414094626514], "5": [15.21961002475214, -0.18304970121674505], "6": [17.72051615842669, 0.28929621055711974], "7": [21.090368340554086, 0.055235978633805805], "8": [23.91782645655055, 0.010462571409091279], "9": [26.773884637406518, 0.09861227203047723], "10": [27.035291878748083, 7.957061728977315], "11": [23.749409170630912, 7.71550203912342], "12": [20.91460113449712, 7.681789983422541], "13": [17.935238745261536, 7.567845499712341], "14": [14.742186491279817, 7.869510327452691], "15": [11.7225251937665, 7.512798540311385], "16": [11.74930230872079, 7.6074592563089976], "17": [9.004525197574662, 8.019802830991534], "18": [5.67484956422653, 7.623664478868315], "19": [3.0640622339259638, 7.6662469685808015], "20": [0.11921509596123187, 8.04682112176042], "21": [27.236647342422813, 15.914519754105724], "22": [27.933475508710902, 16.60622240012403], "23": [24.09817664677129, 15.684625885287431], "24": [20.65581362735904, 16.114917399964085], "25": [17.58265196226518, 15.831539828461361], "26": [15.18887592747623, 15.863097386096722], "27": [11.584219320503912, 15.859189638106134], "28": [8.771876887518417, 16.18859948339957], "29": [5.651563571683201, 15.919999785102386], "30": [2.609232707914501, 15.250461344159191], "31": [-0.5377690297994435, 15.457360707609656], "32": [2.779174296015591, 24.287281728664496], "33": [-0.055925939719877624, 24.083174184665275], "34": [0.2872897794429369, 15.689477722078594], "35": [3.4437767114341153, 15.869832484107082], "36": [26.80548165327569, 24.390632732533984], "37": [24.078227779721374, 24.166793476925385], "38": [20.879374663761578, 23.983643369449794], "39": [17.848135877995702, 23.80153379597882]}