{"0": [0.02866326194820879, -0.1379586830870312], "1": [3.0173190369183684, -0.11726712184892284], "2": [5.51602119108756, -0.2493150054684889], "3": [8.564170616761176, -0.16120519181957144], "4": [12.08700369583362, -0.09382414094626514], "5": [15.21961002475214, -0.18304970121674505], "6": [17.72051615842669, 0.28929621055711974], "7": [21.090368340554086, 0.055235978633805805], "8": [23.91782645655055, 0.010462571409091279], "9": [26.773884637406518, 0.09861227203047723], "10": [27.035291878748083, 7.957061728977315], "11": [23.749409170630912, 7.71550203912342], "12": [20.91460113449712, 7.681789983422541], "13": [17.935238745261536, 7.567845499712341], "14": [14.742186491279817, 7.869510327452691], "15": [11.7225251937665, 7.512798540311385], "16": [11.74930230872079, 7.6074592563089976], "17": [9.004525197574662, 8.019802830991534], "18": [5.67484956422653, 7.623664478868315], "19": [3.0640622339259638, 7.6662469685808015], "20": [0.11921509596123187, 8.04682112176042], "21": [27.236647342422813, 15.914519754105724], "22": [27.933475508710902, 16.60622240012403], "23": [24.09817664677129, 15.684625885287431], "24": [20.65581362735904, 16.114917399964085], "25": [17.58265196226518, 15.831539828461361], "26": [15.18887592747623, 15.863097386096722], "27": [11.584219320503912, 15.859189638106134], "28": [8.771876887518417, 16.18859948339957], "29": [5.651563571683201, 15.919999785102386], "30": [2.609232707914501, 15.250461344159191], "31": [-0.5377690297994435, 15.457360707609656], "32": [2.71610037111111, 24.084881681664022], "33": [-0.03302885773842488, 23.799630727286775], "34": [0.23925696795220885, 15.56089122958642], "35": [3.4437767114341153, 15.869832484107082], "36": [26.682614162403667, 24.198832796978238], "37": [23.98695409299046, 23.99087238124995], "38": [20.916424275619256, 23.842155898226174], "39": [17.78021138195569, 23.76146707083592], "40": [15.035735715958666, 23.74806571947302], "41": [11.64368486039885, 23.714669097827183], "42": [8.695656525732915, 23.833056576242058], "43": [5.773050131619275, 23.8622327779456], "44": [17.216661997204277, 23.910744898425627], "45": [14.451807661484382, 23.824515227320184], "46": [26.382092507852796, 23.92099008816063], "47": [26.957162277799657, 31.92456815169559], "48": [24.113504142705857, 31.81224073543768], "49": [20.616661525925686, 31.555213811902895], "50": [17.9138534029199, 32.25466721644167], "51": [15.161576520430929, 31.98828956962327], "52": [11.921148779425668, 31.66931853360795], "53": [8.87771636187557, 31.90672478675438], "54": [6.016494214583194, 32.263748158980846], "55": [2.797297599654133, 31.994467436007163], "56": [-0.23398991466438374, 31.733105303100373], "57": [0.16987012239360727, 32.586339140942215], "58": [0.27957602629946704, 33.08514679259925], "59": [26.664228716349612, 39.79784742750766], "60": [23.88727459474508, 39.56918454550633], "61": [20.975642753230314, 39.21769393386272], "62": [17.47138143393326, 39.813390629232075], "63": [14.906259112754583, 39.90821623199005], "64": [11.895466863798548, 39.891965561608714], "65": [8.991396946529033, 39.915363872993744], "66": [5.888055762673269, 39.768787955568776], "67": [2.592936295110873, 40.22231920097269], "68": [-0.3736918621639891, 39.42296609925101], "69": [-0.12867810574500926, 40.08043334422828]}