{
  "trees": {
    "0": {
      "tree_pos": [
        -0.020827165107039997,
        -0.21843308833830866
      ]
    },
    "1": {
      "tree_pos": [
        2.996283658457957,
        -0.1395252507316168
      ]
    },
    "2": {
      "tree_pos": [
        5.5041833152418995,
        -0.26153618628413416
      ]
    },
    "3": {
      "tree_pos": [
        8.56926474873897,
        -0.16284134673047118
      ]
    },
    "4": {
      "tree_pos": [
        11.952018661718,
        -0.14375512503361781
      ]
    },
    "5": {
      "tree_pos": [
        15.16365726365381,
        -0.22571436156966507
      ]
    },
    "6": {
      "tree_pos": [
        17.651762202470678,
        0.26333804975829
      ]
    },
    "7": {
      "tree_pos": [
        21.18025117791757,
        0.05238352180767421
      ]
    },
    "8": {
      "tree_pos": [
        23.91403083181413,
        0.012425939047545097
      ]
    },
    "9": {
      "tree_pos": [
        26.777612009344708,
        0.0784446011719809
      ]
    },
    "10": {
      "tree_pos": [
        27.03543480852148,
        7.951459328887102
      ]
    },
    "11": {
      "tree_pos": [
        23.778404651908687,
        7.738390552497977
      ]
    },
    "12": {
      "tree_pos": [
        20.898557769239805,
        7.660915447731657
      ]
    },
    "13": {
      "tree_pos": [
        17.91990429279162,
        7.552227051797884
      ]
    },
    "14": {
      "tree_pos": [
        14.744670479032681,
        7.8826521075296245
      ]
    },
    "15": {
      "tree_pos": [
        11.72793175076897,
        7.500521170367669
      ]
    },
    "16": {
      "tree_pos": [
        9.002028906619113,
        8.021176848254033
      ]
    },
    "17": {
      "tree_pos": [
        5.657896892722359,
        7.609699500612026
      ]
    },
    "18": {
      "tree_pos": [
        3.023510180100587,
        7.6690222294224
      ]
    },
    "19": {
      "tree_pos": [
        0.10518467536999926,
        8.005968057813156
      ]
    },
    "20": {
      "tree_pos": [
        27.206463973560176,
        16.014390599290806
      ]
    },
    "21": {
      "tree_pos": [
        24.1016741035967,
        15.858876116731576
      ]
    },
    "22": {
      "tree_pos": [
        20.666218780857314,
        16.203125119195143
      ]
    },
    "23": {
      "tree_pos": [
        17.654040763259008,
        15.89365543946225
      ]
    },
    "24": {
      "tree_pos": [
        15.179280280587435,
        15.898253983707654
      ]
    },
    "25": {
      "tree_pos": [
        11.610089346579294,
        15.88647098271884
      ]
    },
    "26": {
      "tree_pos": [
        8.815164905847336,
        16.19800480286574
      ]
    },
    "27": {
      "tree_pos": [
        5.642829681871001,
        15.925059597892904
      ]
    },
    "28": {
      "tree_pos": [
        3.3648251478899462,
        15.819015330383664
      ]
    },
    "29": {
      "tree_pos": [
        0.29176917486486925,
        15.55399803331613
      ]
    },
    "30": {
      "tree_pos": [
        26.72503180140763,
        24.52982719451461
      ]
    },
    "31": {
      "tree_pos": [
        24.039577074602402,
        24.3685890500646
      ]
    },
    "32": {
      "tree_pos": [
        20.957363668801918,
        24.16293441344813
      ]
    },
    "33": {
      "tree_pos": [
        17.84785868983104,
        24.013375258635236
      ]
    },
    "34": {
      "tree_pos": [
        15.071394355838933,
        23.983634840872824
      ]
    },
    "35": {
      "tree_pos": [
        11.67164349642227,
        23.877892100972304
      ]
    },
    "36": {
      "tree_pos": [
        8.740218803625327,
        23.974514154943787
      ]
    },
    "37": {
      "tree_pos": [
        5.791179179612721,
        23.97100575893714
      ]
    },
    "38": {
      "tree_pos": [
        2.7392529873557363,
        24.13494501520136
      ]
    },
    "39": {
      "tree_pos": [
        0.01778641325645461,
        23.808847192170795
      ]
    },
    "40": {
      "tree_pos": [
        27.048168766121996,
        32.38629245691726
      ]
    },
    "41": {
      "tree_pos": [
        24.107189273378683,
        32.21634198772213
      ]
    },
    "42": {
      "tree_pos": [
        20.78201244320503,
        31.92079188165306
      ]
    },
    "43": {
      "tree_pos": [
        17.908664483901973,
        32.548114409399794
      ]
    },
    "44": {
      "tree_pos": [
        15.14567377801989,
        32.24308991105834
      ]
    },
    "45": {
      "tree_pos": [
        11.938536143879569,
        31.859938587151717
      ]
    },
    "46": {
      "tree_pos": [
        8.848466190509189,
        32.069835035531504
      ]
    },
    "47": {
      "tree_pos": [
        6.001702861959291,
        32.37109907724272
      ]
    },
    "48": {
      "tree_pos": [
        2.758088696960714,
        32.04695735423121
      ]
    },
    "49": {
      "tree_pos": [
        -0.22605420028287193,
        31.647813541278992
      ]
    },
    "50": {
      "tree_pos": [
        26.55155152408037,
        40.19617693677921
      ]
    },
    "51": {
      "tree_pos": [
        23.658650814122886,
        39.800941205199656
      ]
    },
    "52": {
      "tree_pos": [
        20.87723620785993,
        39.608952455644506
      ]
    },
    "53": {
      "tree_pos": [
        17.257160285076424,
        39.82785619848718
      ]
    },
    "54": {
      "tree_pos": [
        14.689618662953592,
        39.882378909015756
      ]
    },
    "55": {
      "tree_pos": [
        11.599692694695065,
        40.04297634070002
      ]
    },
    "56": {
      "tree_pos": [
        8.836644816409994,
        40.08359922211942
      ]
    },
    "57": {
      "tree_pos": [
        5.8129256763621004,
        39.80510015704853
      ]
    },
    "58": {
      "tree_pos": [
        2.4442689440301884,
        39.9978483634753
      ]
    },
    "59": {
      "tree_pos": [
        -0.5812612591435449,
        39.42277883586643
      ]
    },
    "60": {
      "tree_pos": [
        26.69664225688959,
        48.186326602873834
      ]
    },
    "61": {
      "tree_pos": [
        23.450651335471406,
        48.167461473703646
      ]
    },
    "62": {
      "tree_pos": [
        20.907731646862814,
        47.94312606576443
      ]
    },
    "63": {
      "tree_pos": [
        17.80594879080624,
        47.966185715193674
      ]
    },
    "64": {
      "tree_pos": [
        15.003922157131251,
        47.86264567915512
      ]
    },
    "65": {
      "tree_pos": [
        11.881026044079018,
        47.77640345737966
      ]
    },
    "66": {
      "tree_pos": [
        8.586161104089111,
        47.98838509710827
      ]
    },
    "67": {
      "tree_pos": [
        5.871256412359719,
        47.987396830139545
      ]
    },
    "68": {
      "tree_pos": [
        2.760947361554651,
        47.812737384525704
      ]
    },
    "69": {
      "tree_pos": [
        -0.22559256455218257,
        47.63810716831132
      ]
    },
    "70": {
      "tree_pos": [
        26.53097187067809,
        56.048559034457504
      ]
    },
    "71": {
      "tree_pos": [
        23.355738688465237,
        56.190422201925905
      ]
    },
    "72": {
      "tree_pos": [
        20.837735239296777,
        56.13323623968106
      ]
    },
    "73": {
      "tree_pos": [
        17.642463306984617,
        55.93868391581234
      ]
    },
    "74": {
      "tree_pos": [
        14.491188459740904,
        56.0393503923165
      ]
    },
    "75": {
      "tree_pos": [
        11.876676499904214,
        55.977225097506874
      ]
    },
    "76": {
      "tree_pos": [
        8.582385258691982,
        56.02195850830071
      ]
    },
    "77": {
      "tree_pos": [
        5.504126443211882,
        55.78656247395871
      ]
    },
    "78": {
      "tree_pos": [
        2.6537772873940755,
        56.08216018594484
      ]
    },