{
  "trees": {
    "0": {
      "tree_pos": [
        0.05743202867646587,
        -0.09948353187147722
      ]
    },
    "1": {
      "tree_pos": [
        3.0481347926762976,
        -0.1409368569374904
      ]
    },
    "2": {
      "tree_pos": [
        5.55962662415843,
        -0.25083265577570235
      ]
    },
    "3": {
      "tree_pos": [
        8.546241439724668,
        -0.1911465897678013
      ]
    },
    "4": {
      "tree_pos": [
        11.926198192781097,
        -0.17734034887964648
      ]
    },
    "5": {
      "tree_pos": [
        15.155491253004271,
        -0.2627575676857814
      ]
    },
    "6": {
      "tree_pos": [
        17.525302838071017,
        0.2105719062405491
      ]
    },
    "7": {
      "tree_pos": [
        21.153530655829634,
        -0.010321299853005266
      ]
    },
    "8": {
      "tree_pos": [
        23.879505958823362,
        -0.06161284281756797
      ]
    },
    "9": {
      "tree_pos": [
        26.741551839239982,
        -0.025858519817348415
      ]
    },
    "10": {
      "tree_pos": [
        27.00011671892053,
        7.996303607268176
      ]
    },
    "11": {
      "tree_pos": [
        23.675035577473004,
        7.788819548953057
      ]
    },
    "12": {
      "tree_pos": [
        20.86675489421518,
        7.696230803761052
      ]
    },
    "13": {
      "tree_pos": [
        17.88825878612475,
        7.573931246235391
      ]
    },
    "14": {
      "tree_pos": [
        14.701488033832007,
        7.881959496306296
      ]
    },
    "15": {
      "tree_pos": [
        11.6894098650578,
        7.500442724854292
      ]
    },
    "16": {
      "tree_pos": [
        8.958128500545328,
        7.9986541207517545
      ]
    },
    "17": {
      "tree_pos": [
        5.62824314533238,
        7.588346696724368
      ]
    },
    "18": {
      "tree_pos": [
        2.940857446658553,
        7.589839349019812
      ]
    },
    "19": {
      "tree_pos": [
        0.06933128218024998,
        7.923884860473832
      ]
    },
    "20": {
      "tree_pos": [
        27.19452008849015,
        15.880879453302244
      ]
    },
    "21": {
      "tree_pos": [
        24.064719437119734,
        15.730348928310514
      ]
    },
    "22": {
      "tree_pos": [
        20.36982573147286,
        16.066226503308215
      ]
    },
    "23": {
      "tree_pos": [
        17.583060429070606,
        15.780474587642457
      ]
    },
    "24": {
      "tree_pos": [
        15.12798034783669,
        15.78968205184072
      ]
    },
    "25": {
      "tree_pos": [
        11.548043350604932,
        15.789453029974922
      ]
    },
    "26": {
      "tree_pos": [
        8.751385741295962,
        16.118292042925003
      ]
    },
    "27": {
      "tree_pos": [
        5.575359113339021,
        15.851193342096177
      ]
    },
    "28": {
      "tree_pos": [
        3.3108604834858557,
        15.748967570680328
      ]
    },
    "29": {
      "tree_pos": [
        0.2305679897597288,
        15.392293849136315
      ]
    },
    "30": {
      "tree_pos": [
        2.6779957722082193,
        24.08956686929031
      ]
    },
    "31": {
      "tree_pos": [
        -0.0177857501071076,
        23.538285256634982
      ]
    },
    "32": {
      "tree_pos": [
        26.642841571462235,
        24.357183653487784
      ]
    },
    "33": {
      "tree_pos": [
        23.97034608761929,
        24.180912151013104
      ]
    },
    "34": {
      "tree_pos": [
        20.879542721804228,
        24.01443620341608
      ]
    },
    "35": {
      "tree_pos": [
        17.78004100275208,
        23.868351088091075
      ]
    },
    "36": {
      "tree_pos": [
        15.004087298919776,
        23.855905456644578
      ]
    },
    "37": {
      "tree_pos": [
        11.598492532482288,
        23.772674799039507
      ]
    },
    "38": {
      "tree_pos": [
        8.672332103990783,
        23.87651553740423
      ]
    },
    "39": {
      "tree_pos": [
        5.718855124900081,
        23.87814952898717
      ]
    },
    "40": {
      "tree_pos": [
        27.006263641065182,
        32.246603732392046
      ]
    },
    "41": {
      "tree_pos": [
        24.074331933554973,
        32.06449469177284
      ]
    },
    "42": {
      "tree_pos": [
        20.744944115881285,
        31.768550525233017
      ]
    },
    "43": {
      "tree_pos": [
        17.812539045102902,
        32.41881656509994
      ]
    },
    "44": {
      "tree_pos": [
        15.10533128820262,
        32.12043428330415
      ]
    },
    "45": {
      "tree_pos": [
        11.695554703381857,
        31.73446735710974
      ]
    },
    "46": {
      "tree_pos": [
        8.747498506210672,
        31.94138424460806
      ]
    },
    "47": {
      "tree_pos": [
        5.951031902618947,
        32.23906754298491
      ]
    },
    "48": {
      "tree_pos": [
        2.7359505474275716,
        31.919748264629092
      ]
    },
    "49": {
      "tree_pos": [
        -0.230135909917824,
        31.44496720952655
      ]
    },
    "50": {
      "tree_pos": [
        26.36875422598206,
        39.93128904164985
      ]
    },
    "51": {
      "tree_pos": [
        23.574405383215357,
        39.56268057482185
      ]
    },
    "52": {
      "tree_pos": [
        20.82345737107361,
        39.388077189571675
      ]
    },
    "53": {
      "tree_pos": [
        17.19398944089571,
        39.61931691343902
      ]
    },
    "54": {
      "tree_pos": [
        14.62158655170558,
        39.67989422907895
      ]
    },
    "55": {
      "tree_pos": [
        11.50865510431837,
        39.83298137847021
      ]
    },
    "56": {
      "tree_pos": [
        8.794228064021507,
        39.86235267189562
      ]
    },
    "57": {
      "tree_pos": [
        5.752960225074496,
        39.572827055931306
      ]
    },
    "58": {
      "tree_pos": [
        2.3941643212839865,
        39.78276989963711
      ]
    },
    "59": {
      "tree_pos": [
        -0.6240733176994064,
        39.26651895826549
      ]
    },
    "60": {
      "tree_pos": [
        26.673136548813183,
        48.12320635554428
      ]
    },
    "61": {
      "tree_pos": [
        23.403072795828017,
        48.11710999215101
      ]
    },
    "62": {
      "tree_pos": [
        20.87141326923674,
        47.85838762240475
      ]
    },
    "63": {
      "tree_pos": [
        17.827161444046336,
        47.89994754154177
      ]
    },
    "64": {
      "tree_pos": [
        14.977846088109526,
        47.78344315527931
      ]
    },
    "65": {
      "tree_pos": [
        11.798202053531995,
        47.662429809138544
      ]
    },
    "66": {
      "tree_pos": [
        8.505741399161584,
        47.86211338990806
      ]
    },
    "67": {
      "tree_pos": [
        5.827985789996648,
        47.83905572735635
      ]
    },
    "68": {
      "tree_pos": [
        2.6666223324023566,
        47.56081461054583
      ]
    },
    "69": {
      "tree_pos": [
        -0.19781413095580452,
        47.697692547053514
      ]
    },
    "70": {
      "tree_pos": [
        26.501036473317825,
        55.838942190465744
      ]
    },
    "71": {
      "tree_pos": [
        23.33620645334821,
        56.00049885736265
      ]
    },
    "72": {
      "tree_pos": [
        20.80982919307082,
        55.953919251973744
      ]
    },
    "73": {
      "tree_pos": [
        17.778073901982232,
        55.82112848563922
      ]
    },
    "74": {
      "tree_pos": [
        14.607012495286966,
        55.91108089884793
      ]
    },
    "75": {
      "tree_pos": [
        11.985942290886614,
        55.8869171987258
      ]
    },
    "76": {
      "tree_pos": [
        8.738751031280463,
        55.94952190365418
      ]
    },
    "77": {
      "tree_pos": [
        5.468300303044048,
        55.70520763901881
      ]
    },