{
  "trees": {
    "0": {
      "tree_pos": [
        -0.08073526619328053,
        -0.14473624071740934
      ]
    },
    "1": {
      "tree_pos": [
        2.9887973034113475,
        -0.13744375655701546
      ]
    },
    "2": {
      "tree_pos": [
        5.49708370568646,
        -0.26629994422723235
      ]
    },
    "3": {
      "tree_pos": [
        8.532417981961084,
        -0.2212288060615072
      ]
    },
    "4": {
      "tree_pos": [
        11.940777120619522,
        -0.1909085454494077
      ]
    },
    "5": {
      "tree_pos": [
        15.147622897152795,
        -0.2643198842977829
      ]
    },
    "6": {
      "tree_pos": [
        17.630630572969906,
        0.20075672669916234
      ]
    },
    "7": {
      "tree_pos": [
        21.137654407986716,
        -0.040169017361405365
      ]
    },
    "8": {
      "tree_pos": [
        23.880879536430676,
        -0.08613777752159138
      ]
    },
    "9": {
      "tree_pos": [
        26.745290264745904,
        -0.014798609328329914
      ]
    },
    "10": {
      "tree_pos": [
        26.990344897512017,
        7.932045583780511
      ]
    },
    "11": {
      "tree_pos": [
        23.72702158478343,
        7.706518496184181
      ]
    },
    "12": {
      "tree_pos": [
        20.865770458558305,
        7.645454657890811
      ]
    },
    "13": {
      "tree_pos": [
        17.888542956535588,
        7.539725861473602
      ]
    },
    "14": {
      "tree_pos": [
        14.702760317689656,
        7.856203677450786
      ]
    },
    "15": {
      "tree_pos": [
        11.698725813383907,
        7.474630702268877
      ]
    },
    "16": {
      "tree_pos": [
        8.964222390382927,
        7.987385035764825
      ]
    },
    "17": {
      "tree_pos": [
        5.6325325752276925,
        7.587803180005677
      ]
    },
    "18": {
      "tree_pos": [
        2.9603296100383614,
        7.606225342810266
      ]
    },
    "19": {
      "tree_pos": [
        0.07312974700412078,
        7.991034083602122
      ]
    },
    "20": {
      "tree_pos": [
        27.19566770328855,
        15.89034752917421
      ]
    },
    "21": {
      "tree_pos": [
        24.07103190777508,
        15.751897986912578
      ]
    },
    "22": {
      "tree_pos": [
        20.623910682994744,
        16.101119503360422
      ]
    },
    "23": {
      "tree_pos": [
        17.586206964935293,
        15.82234463836933
      ]
    },
    "24": {
      "tree_pos": [
        15.135921116107099,
        15.833888963372189
      ]
    },
    "25": {
      "tree_pos": [
        11.547292740511748,
        15.820059174355281
      ]
    },
    "26": {
      "tree_pos": [
        8.75210429247683,
        16.141748024003284
      ]
    },
    "27": {
      "tree_pos": [
        5.590289366448485,
        15.867591652379105
      ]
    },
    "28": {
      "tree_pos": [
        3.3261970704901067,
        15.782969335726246
      ]
    },
    "29": {
      "tree_pos": [
        0.21606585445978843,
        15.566416251874344
      ]
    },
    "30": {
      "tree_pos": [
        26.69461474181544,
        24.227580867512252
      ]
    },
    "31": {
      "tree_pos": [
        23.997472900894845,
        24.062560293683013
      ]
    },
    "32": {
      "tree_pos": [
        20.8956329111392,
        23.891962810350392
      ]
    },
    "33": {
      "tree_pos": [
        17.80089716222627,
        23.781901655522795
      ]
    },
    "34": {
      "tree_pos": [
        15.021526357486454,
        23.786171081611418
      ]
    },
    "35": {
      "tree_pos": [
        11.621641680229672,
        23.74161152864786
      ]
    },
    "36": {
      "tree_pos": [
        8.69535231029672,
        23.852028936728267
      ]
    },
    "37": {
      "tree_pos": [
        5.754372805645685,
        23.89060601065909
      ]
    },
    "38": {
      "tree_pos": [
        2.701019472940236,
        24.10563349558705
      ]
    },
    "39": {
      "tree_pos": [
        -0.024935546849136486,
        23.793318438942656
      ]
    },
    "40": {
      "tree_pos": [
        27.08958052610464,
        31.911698546438988
      ]
    },
    "41": {
      "tree_pos": [
        24.13530376831597,
        31.79331544601297
      ]
    },
    "42": {
      "tree_pos": [
        20.796828833674496,
        31.552695329250948
      ]
    },
    "43": {
      "tree_pos": [
        17.95434780197317,
        32.23902137582384
      ]
    },
    "44": {
      "tree_pos": [
        15.188380838507065,
        31.99463027777245
      ]
    },
    "45": {
      "tree_pos": [
        11.970038037985338,
        31.677304663398324
      ]
    },
    "46": {
      "tree_pos": [
        8.865256779322987,
        31.919585822168138
      ]
    },
    "47": {
      "tree_pos": [
        6.034061866930859,
        32.27328340391767
      ]
    },
    "48": {
      "tree_pos": [
        2.7964494878930557,
        32.015278507376806
      ]
    },
    "49": {
      "tree_pos": [
        -0.21302445181614543,
        31.753604993312322
      ]
    },
    "50": {
      "tree_pos": [
        26.750062965378554,
        39.79083465549147
      ]
    },
    "51": {
      "tree_pos": [
        23.836370097225753,
        39.440583486227396
      ]
    },
    "52": {
      "tree_pos": [
        21.058027573087465,
        39.30481821886229
      ]
    },
    "53": {
      "tree_pos": [
        17.442412706014807,
        39.6070141435967
      ]
    },
    "54": {
      "tree_pos": [
        14.887639661065654,
        39.69539376333538
      ]
    },
    "55": {
      "tree_pos": [
        11.795666678502034,
        39.9258981519334
      ]
    },
    "56": {
      "tree_pos": [
        9.040354104920624,
        40.00900127503503
      ]
    },
    "57": {
      "tree_pos": [
        5.995708608556519,
        39.77737103645461
      ]
    },
    "58": {
      "tree_pos": [
        2.6495041895629434,
        40.05322151781593
      ]
    },
    "59": {
      "tree_pos": [
        -0.3986681060813724,
        39.52424713556556
      ]
    },
    "60": {
      "tree_pos": [
        27.012240627935064,
        47.811468195093454
      ]
    },
    "61": {
      "tree_pos": [
        23.73333564011977,
        47.86742231080678
      ]
    },
    "62": {
      "tree_pos": [
        21.209979207425988,
        47.653763019382176
      ]
    },
    "63": {
      "tree_pos": [
        18.121933745081634,
        47.75095722618794
      ]
    },
    "64": {
      "tree_pos": [
        15.304640129925161,
        47.67794624823664
      ]
    },
    "65": {
      "tree_pos": [
        12.165491871136211,
        47.64170056041971
      ]
    },
    "66": {
      "tree_pos": [
        8.899704585702288,
        47.9284988357146
      ]
    },
    "67": {
      "tree_pos": [
        6.189437520208919,
        47.955227070458506
      ]
    },
    "68": {
      "tree_pos": [
        3.059159155057564,
        47.840621433331634
      ]
    },
    "69": {
      "tree_pos": [
        0.05667761740566911,
        47.69443529376247
      ]
    },
    "70": {
      "tree_pos": [
        26.994697833521098,
        55.8710931872271
      ]
    },
    "71": {
      "tree_pos": [
        23.818768880052673,
        56.04649656849971
      ]
    },
    "72": {
      "tree_pos": [
        21.281861450255356,
        55.99129170961411
      ]
    },
    "73": {
      "tree_pos": [
        18.088413978719473,
        55.84837994525162
      ]
    },
    "74": {
      "tree_pos": [
        14.941859641438455,
        55.968657861880985
      ]
    },
    "75": {
      "tree_pos": [
        12.317460175856214,
        55.94207339874875
      ]
    },
    "76": {
      "tree_pos": [
        9.022537613293974,
        56.013279538658125
      ]
    },
    "77": {
      "tree_pos": [
        5.920547876437389,
        55.78766060245022
      ]
    },