{
  "trees": {
    "0": {
      "tree_pos": [
        -0.13151289628185353,
        -0.3822947435321009
      ]
    },
    "1": {
      "tree_pos": [
        3.149376580063284,
        -0.16347144364418154
      ]
    },
    "2": {
      "tree_pos": [
        5.80103623616959,
        0.054237261650633264
      ]
    },
    "3": {
      "tree_pos": [
        8.787403582638929,
        -0.3338550733239183
      ]
    },
    "4": {
      "tree_pos": [
        11.920815717189356,
        -0.05968030205923746
      ]
    },
    "5": {
      "tree_pos": [
        14.884843284409794,
        -0.42175355836028405
      ]
    },
    "6": {
      "tree_pos": [
        17.881154464775793,
        0.48097709756048806
      ]
    },
    "7": {
      "tree_pos": [
        20.922253965078433,
        -0.022564605241329208
      ]
    },
    "8": {
      "tree_pos": [
        23.902819423932275,
        0.1127500448702449
      ]
    },
    "9": {
      "tree_pos": [
        26.944405851242845,
        -0.05556631713297258
      ]
    },
    "10": {
      "tree_pos": [
        26.823074841031854,
        8.35423494419398
      ]
    },
    "11": {
      "tree_pos": [
        24.001367552533036,
        8.055601430550897
      ]
    },
    "12": {
      "tree_pos": [
        20.88171460738333,
        8.005376899675557
      ]
    },
    "13": {
      "tree_pos": [
        17.858033162835007,
        7.542748932821429
      ]
    },
    "14": {
      "tree_pos": [
        14.836618248037386,
        7.82809874115215
      ]
    },
    "15": {
      "tree_pos": [
        11.835310444226378,
        7.479623809789979
      ]
    },
    "16": {
      "tree_pos": [
        6.008496308348834,
        8.151871002654051
      ]
    },
    "17": {
      "tree_pos": [
        2.8796264104403866,
        8.15893022518335
      ]
    },
    "18": {
      "tree_pos": [
        -0.06606086581063308,
        8.127248752267677
      ]
    },
    "19": {
      "tree_pos": [
        26.918722507648496,
        15.865522860544562
      ]
    },
    "20": {
      "tree_pos": [
        23.673249069916004,
        15.829444118493106
      ]
    },
    "21": {
      "tree_pos": [
        20.70622482525475,
        15.620335274641416
      ]
    },
    "22": {
      "tree_pos": [
        17.82796130768647,
        16.05821185882801
      ]
    },
    "23": {
      "tree_pos": [
        14.785028823451821,
        15.904715851795796
      ]
    },
    "24": {
      "tree_pos": [
        11.77634949285514,
        15.786252273093258
      ]
    },
    "25": {
      "tree_pos": [
        8.920905975574964,
        16.017360543801466
      ]
    },
    "26": {
      "tree_pos": [
        5.927409744708886,
        15.920287779037798
      ]
    },
    "27": {
      "tree_pos": [
        3.0188313039453614,
        15.758608815761631
      ]
    },
    "28": {
      "tree_pos": [
        -0.3641894467693331,
        15.712965905532126
      ]
    },
    "29": {
      "tree_pos": [
        -0.11014113676062989,
        23.723872795744104
      ]
    },
    "30": {
      "tree_pos": [
        2.648176481438286,
        23.72972943700186
      ]
    },
    "31": {
      "tree_pos": [
        26.75855500697758,
        23.933545972257036
      ]
    },
    "32": {
      "tree_pos": [
        23.845114072002012,
        23.773756236591307
      ]
    },
    "33": {
      "tree_pos": [
        20.753261169071855,
        23.686233842200167
      ]
    },
    "34": {
      "tree_pos": [
        17.691004612927365,
        24.12558987943512
      ]
    },
    "35": {
      "tree_pos": [
        14.600988839241065,
        23.703627116318312
      ]
    },
    "36": {
      "tree_pos": [
        12.039458626980824,
        24.006361959495667
      ]
    },
    "37": {
      "tree_pos": [
        8.666823915382313,
        23.898299277709473
      ]
    },
    "38": {
      "tree_pos": [
        5.689713421275307,
        23.788475572787696
      ]
    },
    "39": {
      "tree_pos": [
        26.573029457032487,
        31.82080928494169
      ]
    },
    "40": {
      "tree_pos": [
        23.686006249899936,
        31.663156205062606
      ]
    },
    "41": {
      "tree_pos": [
        20.776637142068537,
        31.896804241879266
      ]
    },
    "42": {
      "tree_pos": [
        17.77450945148519,
        31.80366496800363
      ]
    },
    "43": {
      "tree_pos": [
        14.828647778505466,
        31.980366516334975
      ]
    },
    "44": {
      "tree_pos": [
        11.759043873514285,
        31.77812914168191
      ]
    },
    "45": {
      "tree_pos": [
        8.773164511693025,
        32.03339549093698
      ]
    },
    "46": {
      "tree_pos": [
        5.651856503589253,
        32.037128767811836
      ]
    },
    "47": {
      "tree_pos": [
        2.701489861514556,
        32.052251904591515
      ]
    },
    "48": {
      "tree_pos": [
        -0.4165185526355677,
        31.7001269203354
      ]
    },
    "49": {
      "tree_pos": [
        23.6071791956212,
        39.7785194189023
      ]
    },
    "50": {
      "tree_pos": [
        20.583816349155605,
        39.9211046644494
      ]
    },
    "51": {
      "tree_pos": [
        17.749345729634488,
        39.41818615506631
      ]
    },
    "52": {
      "tree_pos": [
        11.713740417464702,
        39.64346275694719
      ]
    },
    "53": {
      "tree_pos": [
        8.710316135128057,
        39.54967126700255
      ]
    },
    "54": {
      "tree_pos": [
        5.748734561156288,
        39.63715637413289
      ]
    },
    "55": {
      "tree_pos": [
        2.8536313104396474,
        39.84745913958821
      ]
    },
    "56": {
      "tree_pos": [
        -0.23306798614846094,
        39.65234077957633
      ]
    },
    "57": {
      "tree_pos": [
        26.746652088941023,
        47.377118856123296
      ]
    },
    "58": {
      "tree_pos": [
        23.734183988037223,
        47.34843913913083
      ]
    },
    "59": {
      "tree_pos": [
        20.62705434780228,
        47.51358198013382
      ]
    },
    "60": {
      "tree_pos": [
        17.759598752271636,
        47.67388071818671
      ]
    },
    "61": {
      "tree_pos": [
        14.82188306437596,
        47.466139344924485
      ]
    },
    "62": {
      "tree_pos": [
        11.670412480462037,
        47.71781717654751
      ]
    },
    "63": {
      "tree_pos": [
        8.738092053777738,
        47.922455377422125
      ]
    },
    "64": {
      "tree_pos": [
        5.774848222560587,
        47.58173461148497
      ]
    },
    "65": {
      "tree_pos": [
        2.5792773399061586,
        47.74191463311186
      ]
    },
    "66": {
      "tree_pos": [
        -0.3948732475610526,
        47.49476616140037
      ]
    },
    "67": {
      "tree_pos": [
        26.865067213378197,
        55.51493540339415
      ]
    },
    "68": {
      "tree_pos": [
        23.761474301512415,
        55.397058350366706
      ]
    },
    "69": {
      "tree_pos": [
        20.65632266770703,
        55.60534346876843
      ]
    },
    "70": {
      "tree_pos": [
        17.7521643143857,
        55.95290709623876
      ]
    },
    "71": {
      "tree_pos": [
        14.902156574377093,
        55.82587207944954
      ]
    },
    "72": {
      "tree_pos": [
        8.838229587492343,
        55.88501347951676
      ]
    },
    "73": {
      "tree_pos": [
        5.723501502968115,
        55.94303055784109
      ]
    },
    "74": {
      "tree_pos": [
        2.8224396365415085,
        55.90070158243541
      ]
    },
    "75": {
      "tree_pos": [
        26.75943547524539,
        63.73177913151657
      ]
    },
    "76": {
      "tree_pos": [
        23.610926851866864,
        63.80580568576059
      ]
    },
    "77": {
      "tree_pos": [
        20.787476035034643,
        63.40987879938666
      ]
    },